model,avg_pairwise_cosine
MiniLM,0.30977368354797363
DistilRoBERTa,0.3482225835323334
MPNet,0.3019464910030365
